iter	MultiClass
0	1.793357568
1	1.609833398
2	1.474727654
3	1.370337855
4	1.287164183
5	1.218627671
6	1.159430712
7	1.108216208
8	1.063807945
9	1.025814402
10	0.9939436917
11	0.9653533107
12	0.9400866512
13	0.9168057074
